{
	"banners": [
		{
			"bannerId": "1",
			"bannerName": "A",
			"startDateTime": "2018-06-01T01:00:00.000Z",
			"endDateTime": "2018-06-01T23:59:00.000Z",
			"permittedIP": [
				"10.0.0.1",
				"10.0.0.2"
			]
		},
		{
			"bannerId": "2",
			"bannerName": "B",
			"startDateTime": "2018-06-01T01:00:00.000Z",
			"endDateTime": "2018-06-01T23:59:00.000Z",
			"permittedIP": [
				"10.0.0.1",
				"10.0.0.2"
			]
		},
		{
			"bannerId": "3",
			"bannerName": "C",
			"startDateTime": "2018-06-10T01:00:00.000Z",
			"endDateTime": "2018-06-10T23:59:00.000Z",
			"permittedIP": [
				"10.0.0.3"
			]
		}
	]
}
